video_id,date,start,text
k1lsPwMGRhM,20201224,0,Yeah. Relax everyday Search! Seize! Make sure you are Turkish
k1lsPwMGRhM,20201224,57,Oh Oh Dream
k1lsPwMGRhM,20201224,207,Oh Oh Oh Oh Oh Marriage theme is chat and marriage theme is destiny. Love you all big time. Smile a face. Wow what's up guys. Oh liver is therapists. Delete your label. um link it destiny what did the u.s. but also slash mainly Britain stand to gain from the war in Iraq
k1lsPwMGRhM,20201224,446,what did the u.s. stand to gain I copied someone on this email as well and she'll be saying why didn't why wouldn't you just see see them on the email why would you what do you copy them like
k1lsPwMGRhM,20201224,461,you know what these people doing whoa okay it's alright respond to this jesus boom okay um uh... i have no idea cc stands for carbon copy true bcc stands for blind carbon copy wait why you guys telling what cc stands for
k1lsPwMGRhM,20201224,492,no some ladies that she copied an email to somebody but she didn't actually see seer bc so i'm assuming she copied the whole email and then email it to another person i don't know why you would do that
k1lsPwMGRhM,20201224,500,unless you know how to see the way you know it is whatever i do you both look i do you have to i don't know about i don't know about ok how you guys do you can't see bcc right
k1lsPwMGRhM,20201224,513,why would you be cc i'm scheduling i'm trying to block from trying to reserve um... and i'm gonna reserve twenty four rooms at a hotel uh... for the upcoming canvassing thing uh... so i'll cover like lodging basically and we're just going back and forth negotiating a race for that basically
k1lsPwMGRhM,20201224,528,figure how many rooms you want copying someone on an email means to cc them well that's what i would assume maybe not but they didn't see anybody you see when you see see somebody just put everybody in one room
k1lsPwMGRhM,20201224,547,we're trying to be covid safe some doing like no more than like eight to sixteen to a room so that is not covid safe dg g isn't allowed to celebrate christmas long as you have six weeks in your room you can probably do like on a clean bed i'd say you probably
k1lsPwMGRhM,20201224,570,like three to four people you sleep on the corners america's missy one to two on a couch depending on height and then you got like probably five to ten on the floor depending on how much that is a fire hazard
k1lsPwMGRhM,20201224,586,uh... not as long as i'm the ground floor of the world of all the end of the posters who donated to the charity streams oh yeah you can throw people in the bathtub and shit to you like i mean i dropped the saddle and like you're out right now
k1lsPwMGRhM,20201224,603,melbert listen the only one i've got my okay hold on where were we all okay so okay i'm very slowly cannibalizing the base of my companions over here as well i'm so sorry carson's album so we can expect it
k1lsPwMGRhM,20201224,620,person just for his people are really doing this a classic person to be i'm going to be through the snow in a one-horse open sleigh over the fields we go laughing all the way bells on bob tells ring
k1lsPwMGRhM,20201224,642,making spirits bright what fun it is to write and sing a slang don't you feel like unemployment insurance can be bad for small businesses because people are essentially being paid not to work i work at a restaurant that is super understaffed and nobody wants to work
k1lsPwMGRhM,20201224,660,what else could we do for unemployed people doesn't unemployment only pay you like a percentage of what you got paid for before it doesn't run out after a while it's my understanding of unemployment i would have just used andered tanks to the private living across all i was
k1lsPwMGRhM,20201224,679,looking for as type of tank to work but can i build um can i build multiple oil things um... hold on can i build multiple whatever the fuck this is called this pump jack like just right next to each other and they'll just pump very little oil
k1lsPwMGRhM,20201224,697,i don't really care about the power i can like infinitely power when carson's got fucked he was issued a dmca claim um... if he built me car if he built the background of these songs these must be um...
k1lsPwMGRhM,20201224,714,destiny when are you dropping your christmas album i remember you saying back in the starcraft days you always wanted to wrap in real life don't let your dreams be means um... you can't remember what i was saying yeah
k1lsPwMGRhM,20201224,736,oh yeah public domain those signs are public domain oh i was going to destroy the base don't you take a day off you work too much destiny uh... well about to take like two weeks off coming up so if you like
k1lsPwMGRhM,20201224,758,merry christmas steven love you um... tomorrow i think i go to Nebraska we get nathan and after that we go to florida and after that we do Disney World for a couple days and then we go to will uh... miami for a couple days
k1lsPwMGRhM,20201224,776,uh... we post instastories i would nathan yeah i have to so that we're not right or sit on some of my kid i go oh at least look at my look at my instagram i do i don't want you to think i'm a bad father
k1lsPwMGRhM,20201224,810,so i don't want to post a lot of stories how do you plan to feel about not showing up for holidays um... i don't know my parents like holidays but i'm not really much family person i have to build a tier five minor to get the next fucking level of bullshit
k1lsPwMGRhM,20201224,844,for this fucking next level of bullshit to cook all talk to me for the people to be why don't you mind it up on your system i do you don't fuck your little brother deposits in my uh... that wasn't uh... that didn't work
k1lsPwMGRhM,20201224,857,uh... that one didn't really work at all did it yikes never mind oh no uh... anyway or yet okay groomer after wrote uh... this is a good out or good playlists wait hold on to take a picture i don't have to build a gal Gadorian metal singularity right it's not a real
k1lsPwMGRhM,20201224,903,thing right then we would quit the we would just quit this immediately that'd be funny while we do on christmas guys all once you could build a creative for the tenk in the most of the ingots wait how does it create a fluid tank
k1lsPwMGRhM,20201224,927,help you do ingots or wait is that you like infinite of any fluid you need i thought i could just hold it in a fluid you can melt the ingots into fluid oh shit wait what the fuck i'm going to be a shit creative energy keep i already
k1lsPwMGRhM,20201224,943,have infinite energy for my solar panel wireless out of range oh speaking of infinite energy i think i just ran out of energy what the fuck excuse me all because it's fucking raining all the building the uh... creative energy cube
k1lsPwMGRhM,20201224,986,hello what are the lights going out to jesus away the lights would go out actually on and on and on the slams are not connected wait oh my god that is waste all this time putting for the work with why is it a fertilizer
k1lsPwMGRhM,20201224,1006,this one but it is not uh... must not just load it is a modified for the software during the rain uh... i don't like that much uh... he's still in a tower game i have in the background but
k1lsPwMGRhM,20201224,1046,do priorities again minecraft first yet so modified always got the shit all of my uh... but then his mind is not work or but i don't care about the sign is i'll figure this out god damn guys chill what the fuck is going on today
k1lsPwMGRhM,20201224,1068,shit too much holiday spirit take the buzzfeed quiz oh so hey uh... you guys hear about that uh... uh... you guys hear about that stimulus actually means come out of it uh... republicans blocked it gop blocks two thousand other checks is trump leaves covid aid in chaos
k1lsPwMGRhM,20201224,1132,president down trump's sudden demand for two thousand of checks from most americans was swiftly rejected by house republicans on thursday as is haphazard action through a massive covid relief and government funding bill in case wait a second how can house republicans do anything about this we should have a majority in
k1lsPwMGRhM,20201224,1146,the house still right or no wait we had a majority of house because the new session is a it was a unanimous vote voice vote what does that mean they blocked unanimous consent dems asked for unanimous consent they're going for
k1lsPwMGRhM,20201224,1172,unanimous control because they get unanimous consent then they can um... then they don't have to do a vote or whatever they can do it quicker which are doing this is not meeting they just do it on a cushion anything
k1lsPwMGRhM,20201224,1186,basically blocked the faster i gotcha thought i hope this plays out well it's like rhetorically speaking policy did like the most fucking badass shit she could like from a like i want to down she's like let's fucking do it bro here's the bill
k1lsPwMGRhM,20201224,1211,i hope that translates well that like i know that generally like most of related to congress is kind of obscure it's hard to tell like what the fuck is going on or anything like all of that shit is like so i don't even understand how to be told that's the
k1lsPwMGRhM,20201224,1222,i don't understand half the shit and for in terms of how congress and it works right but even my interest in the night and i said it was a very good side i think at this point on ironically so i hope that like her messaging on that was like
k1lsPwMGRhM,20201224,1231,clear enough that even the average person could see like well wait hold on why didn't we get that what's going on here very shifting blame democrats for the fat and the pork in the bill yeah unfortunately but that all of this the trump administration already
k1lsPwMGRhM,20201224,1249,requested this like fuck dude i wanted to be a republican so bad we need to make a parlor account i might actually make a part of the company but i'm worried i'm not going to find a republicans there is just nazis
k1lsPwMGRhM,20201224,1259,like because i can already see like who was that one guy that he sounds is it rob nor whatever who do we debate on one of those shows he sounds well spoken but he's like a conspiracy lunatic nut
k1lsPwMGRhM,20201224,1277,uh... but like i can already hear him like oh like well the republicans you know what why didn't the bill get passed well you know they tried to pass the bill but the democrats wouldn't trim the fat and say well that fat was already there like
k1lsPwMGRhM,20201224,1288,trump already requested that as well as they still want to make changes to it and that's the right thing to do well then why did they approve the first bill with all the fat why is this hard to break this
k1lsPwMGRhM,20201224,1301,no are there structures unbreakable to me is it like protected you dodged the question yesterday steven so we'll ask you again are you a center denier wait how can you predict there's no you can protect blocks what machine do i need to destroy
k1lsPwMGRhM,20201224,1337,you need to break the minor first this thing the controller the conservative substance pretty unhappy it isn't passing yet you can go by anything on a reddit though because that should get some brigade of the motherfucker select okay
k1lsPwMGRhM,20201224,1378,i believe in Santa but never meant it didn't work what's your next full-time stream game after minecraft legends boys shift right click with the environmental tech assembly i don't believe some where shift right you mean control right or shift right
k1lsPwMGRhM,20201224,1406,assembled true multi-block assembly always because he owns it i can't do anything about it are you serious wait so can i grief with this is a crypto capitalist masquerading as a socialist can i just go build shit and i was based they could never destroy it
k1lsPwMGRhM,20201224,1425,this seems so impossibly stupid only works on structures well i was going to play for tonight i was going to use their pieces whatever play for tonight that they never happened i'm just not a builder he says he plays minecraft
k1lsPwMGRhM,20201224,1485,damn dude you guys know what this means is that you guys know do you guys know what this means this means chances in georgia are going up wait a minute power and what do you do did this this article
k1lsPwMGRhM,20201224,1528,i read through like half of this article this morning i think destiny when sono tombs of scoria for two weeks feels bad man why do you think there's probably like arguments to be made that some architecture or some
k1lsPwMGRhM,20201224,1544,that some architecture or some like design aspects maybe favor men like there's probably arguments to be made there for sure but um the people you just log in just a fucking christmas like all my shit we had to do this
k1lsPwMGRhM,20201224,1564,or is this part of the mod pack but that that i don't know like you can start like saying like no phallic shaping things or no phallic shaped things because i think it was like a pretty fundamental shape of like building stuff like
k1lsPwMGRhM,20201224,1589,like in that women in that case like women reinforced the uh... women reinforce the patriarchy by like their arms and legs are phallic did you read the article i read some of it some of it misbehaving untwitches double standard rule first of all that misbehaving
k1lsPwMGRhM,20201224,1604,she is fucking hot okay secondly i can't believe she only got banned for three days holy fuck um... however um fuck i don't know what i was saying there were like there are sections of that article where it's like
k1lsPwMGRhM,20201224,1625,architects even use phallic terminology to describe um... to describe like buildings by calling things like base shaft and tip and it's like really okay okay is going to be a good one of the one i get in a good way to cut it out in his list
k1lsPwMGRhM,20201224,1646,and i'm good i would i i don't have time for two dnd campaigns this george is that is eaten in a so much from my time these past couple weeks i've caught i'm trying not to look at read it on my phone anymore though
k1lsPwMGRhM,20201224,1658,anytime i open my phone to do read it instead i'm like okay hold on i can be doing emails or something more important so that's been saving me some time but uh... what is the best chocolate bar and why is it reese's
k1lsPwMGRhM,20201224,1672,uh... first of all reese's isn't a chocolate bar the dot reese's peanut butter cubs uh... best chocolate bar you know what there's actually one right answer here there are a lot of really good chocolate bars and understand people being upset
k1lsPwMGRhM,20201224,1688,but the one correct answer i can't believe people are saying snickers in chat not even close it's a kick-ap bars easy just easy wafery stuff in chocolate is just too good it's just an it's an op it's an op
k1lsPwMGRhM,20201224,1703,combo it's an op combo some people are typing in twix you know what twix are really good too but kick-ap bars are better kick-ap bars are just so so good and you know the best type of chocolate is i love this chocolate because it's an
k1lsPwMGRhM,20201224,1736,american exclusive it's our own shit europeans don't even get it it's fucking Hershey's chocolate oh my god Hershey's candy bars is so fucking good oh my god my streaming creators done you're getting a computer hopefully soon all your job you want to revolution happens god damn it
k1lsPwMGRhM,20201224,1812,is it distracting me from my minecraft building but when it comes to the kinder job i think i've tried kinders chocolate right i don't know i'm just not a big fan of your ken chocolate it's all very sweet to me
k1lsPwMGRhM,20201224,1822,it ain't chocolate of it ain't made by capri's you use sir playing music or debating ideas fuck ideally i'd want to play music favorite subject in school that's as literature history probably math is probably science how do you describe your personality and quizzes skeptical kangarash at tough
k1lsPwMGRhM,20201224,1845,strong gira deli boys rise up to probably working in small teams wait do i get to manage what is your dream accomplishment top is maybe the canvas for the world it's a little bit for forced egg wait what is this time
k1lsPwMGRhM,20201224,1879,rejoice comrades of the central committee is a chairman ideally driven to social to be a collective farm labor your comrades in the army will be a long surely to score you in your family to a new socialist home
k1lsPwMGRhM,20201224,1889,do they all do they all just go here or who is the test maker by neoliberal project it gives us a very i figured the joke ha ha ha oh shit ok this is too much um okay what was it what were you doing building paper clothing
k1lsPwMGRhM,20201224,1919,oh upgrading this wait not this my minor needs to be tier five um wot are your thoughts on all the global laren l dark laren laren ll l dra l Christ mass to you as well bro bro Han my bro Hanian bro Hanian bro cephal okay
k1lsPwMGRhM,20201224,1971,we're building a tier five minor controller boom boom boom boom build tier wait not up there up here tier five solar array controller tier five why did I even build that tier five wait what was I doing before it was or right or tier
k1lsPwMGRhM,20201224,1993,five why the fuck does this show up the tier two oh probably because of structure size okay oh my god what if I could just build this without any bullshit wait don't have my tier four controller oh yes fucking a
k1lsPwMGRhM,20201224,2024,okay tier five Christmas stream tomorrow or canvassing not canvassing for like a week or two but I'm going to do I will try to stream IRL I guess we travel I would like to I don't want to just take like two weeks off all right
k1lsPwMGRhM,20201224,2047,what do we do Merry Christmas bro play a real game no this is a real game you dumb fuck this song sucks plain dark destiny the message needs to be hammered that Republicans are preventing stimulus and are extremely disorganized yeah no
k1lsPwMGRhM,20201224,2074,sure you need to know they aren't getting their check and maybe another government shutdown instead true okay we need null modifier we've got 12 but we need four more one two three four yes okay 72 structure frame tier five structure
k1lsPwMGRhM,20201224,2096,frame tier five oh my god nether stars fucking around are we sure I need 72 of these 56 what are you gonna play after my craft well next month will probably spend a decent amount of time working through all the
k1lsPwMGRhM,20201224,2116,summer games structure frame tier five 72 I need it 20 no I need 11 no 12 more of these oh my god 13 Jesus fuck what the fuck are Dan and Mr. Mooten everything we're not doing oxygen not included
k1lsPwMGRhM,20201224,2150,I'm here we go and join it listen K-cap Chino you need to take a break okay you're getting too high mighty off of your premium chatter thing all right structure frame watch my kids not goddamn it done go back to Kenchi I don't know what was my viewership while playing it it's hard
k1lsPwMGRhM,20201224,2174,to tell my viewership is what playing this game my viewership is really a lot higher than like talking about shit so I don't know my actual thing is for like just playing the game okay we need 13 more right
k1lsPwMGRhM,20201224,2189,13 nice structure frame tier one okay so we have that structure term to yes structure frame tier three okay nice and easy yeah tier four no problems okay tier five oh no I ran out of nether stars impossible no
k1lsPwMGRhM,20201224,2210,oh okay I hope chat has been good boys and girls this year if not you will be getting shungite in your stocking do you know what shungite is anybody know what shungite is no not suge night you can't go home wait oh my god wait never
k1lsPwMGRhM,20201224,2236,stars are actually crazy expensive to make oh I might I need to grow more of these getting chocolate and wait for combination stuff some nutty bars they're okay they have a weird taste or something just saying why did you give Dan mod he has a known twitch chat hater oh because
k1lsPwMGRhM,20201224,2268,he needed to some very sometimes if I was like late at night I think there were couple times we needed to update the duo command on the bottom something and he couldn't know when was a ride to do it so I gave them a he shouldn't be like
k1lsPwMGRhM,20201224,2283,banding could order them well we'll play kenchi too for sure guys what was your final total up there the charity stream 25k it's pretty said agreement on everything though fucked me I am because I need to raise money for my
k1lsPwMGRhM,20201224,2304,Georgia thing but I feel like greedy as fuck doing it okay this is 72 right same system or am I plug it like later on like a week later so 72 36 structure panel structure panel I need 36 what what's up Danny
k1lsPwMGRhM,20201224,2332,what do you do for Christmas Dan sit here you know how about you doing the same when does this folk knee abusing power I don't know anything about that why did I give you didn't I give you mud I give you a month for some reason and twitch chat
k1lsPwMGRhM,20201224,2359,you asked for it because you need to like update the duo literally done nothing with twitch I'm never it's just so I can do the update when I feel like yeah Dan is a respectable will adjusted adult he would never abuse his power never ever
k1lsPwMGRhM,20201224,2379,you haven't tried these tomorrow Dan who was complaining lemme winks and Ken dolly came together and united against you what what they said it's a Dan the twitch chat hater which is true anything in addition to that does there need to be this item just get fucking
k1lsPwMGRhM,20201224,2403,deleted with a father is sorry what well the thing to me is I believe both those people are anti-Semitic meaning that they are not a fan so because I haven't done anything there at all having been chatted so the fact that they are
k1lsPwMGRhM,20201224,2415,so upset that I'm in their ecosystem at all really tells you all you need to know about that careful then you're treading on the two most popular dgg chat mods right now why is it saying assembled false this is clearly assembled it's not Kaker
k1lsPwMGRhM,20201224,2434,earthy be I are here to find the laser surprised you're still going to Miami after those exposed Miami like that how is the laser fucked up is this like assembled differently or something you oh it's a different it's a different structure be nice those two you making
k1lsPwMGRhM,20201224,2475,a list in you can check it twice more laser car please just make this yes yes yes boom boom is our way to speed this up to speed up the minor I bet I can make different modifiers now yeah there are speed modifiers
k1lsPwMGRhM,20201224,2502,it's called cocaine all cool assembled true all right do multiple modifiers work like additive lee or is it just one does the thing um they add a little bit additive leap of the new stack is it impossible to disassemble somebody else's it's a pretty good meme
k1lsPwMGRhM,20201224,2525,they're also like modifiers to make a return more or precise speed modifier and like modifier was a piezo modifier that makes it work that makes it work in them it makes the solar panel work during rain avoid or with tier five minor use full speed over 60 KRF per tick
k1lsPwMGRhM,20201224,2563,how much am I making right now well none I think this makes about 30 KRF and then I've got a bunch of like batteries that I built to like store the energy and about I don't know I'm reading this had a phone is just going to read
k1lsPwMGRhM,20201224,2603,or the thing is going to read it later okay alright why did I do this what do we need to do I need to build a solar right controller to your six well what else is there to work on basic energy queue
k1lsPwMGRhM,20201224,2633,as a devout catholic I celebrate Christmas as the birth of our savior and Lord Jesus Christ speaking of which did you see the new Kevin spacey video it's not as cool as his previous ones I am oh no Kevin space you've been
k1lsPwMGRhM,20201224,2647,making more videos wait link us let's watch what Christmas you the best chocolate is actually for a rush a that's right Christmas you look this past year listen a lot of people have reached out to me this past year
k1lsPwMGRhM,20201224,2691,and have shared their own struggles and my ability to be there for them has really only been possible because of my own difficulties and while it's been a privilege to offer support I have to say frankly it's also been
k1lsPwMGRhM,20201224,2712,beyond my abilities and it's bigger than me because heartbreakingly so many have talked about things haven't gotten so bad for them that they've contemplated taking their own lives and that's enough for me to want to take an entirely different approach this
k1lsPwMGRhM,20201224,2732,year to acknowledge their pain and say to anyone out there who's struggling or contemplating that idea please please do not take that step if you're standing in a place that you can no longer remain standing if you're suffering if you'd help if you feel guilt or shame
k1lsPwMGRhM,20201224,2753,if you're struggling with your identity you're back up against the wall or if you feel that there is no path for you whatever your situation I promise you there is a path and that at this time during this holiday
k1lsPwMGRhM,20201224,2770,and beyond even if you don't feel it there are people out there who understand and who can help because you are not alone and so I just want to wish everyone a Merry Christmas a great 2021 and say to all those out there who might be suffering
k1lsPwMGRhM,20201224,2789,it gets better it does get better happy holidays every ah we're getting teeth in crystals now that's good every time he releases a video I get upset again that last season house of cards sucked so fucking much yeah yeah really
k1lsPwMGRhM,20201224,2826,you watch the show this is a very good show and would have been really interesting to see how the show ended with with Kevin's base at the helm but alas really yes deep thoughts from like him goes a little better when you have someone who's seen the show and they're like oh yes I
k1lsPwMGRhM,20201224,2846,agree for this reason and that reason really no yeah really really like yep yes yes fucker these things god why so cancers oh no no no super ok ok ok ok ok ok you're watching battle box MTV or discovery channel show
k1lsPwMGRhM,20201224,2904,people made robots and they fought I must have watched like a couple episodes like a long fucking time ago but not like I was like a regular viewer anything yeah yeah that is battle box oh shit the show is good
k1lsPwMGRhM,20201224,2924,Jesus if I crush it I get to iron in one nickel this is too iron this is a weird shit or mad at this three are fuck all that shit this is before we what oh my god what is the ormatic whoa I need a lot of shit to make that work
k1lsPwMGRhM,20201224,2951,fuck no definitely not making that shit any streamers confirm participants on let's check pretty sure I'm approaching the final list on this I'm really important is going to be there Bastia is going to be there a relevant Dylan pretty sure is going to be there
k1lsPwMGRhM,20201224,2986,like in in book smarts those are the six that are probably going to be there I don't think I was going to be there I think you may get what this is an enriching is a crushing crushing factory clean pixie I messaged pixie she hasn't spun
k1lsPwMGRhM,20201224,3035,pixie goes like she needs like a month sometimes like like peach like we sometimes they just have to take a month off the internet I don't know if she's on one of those faces right now like maybe not okay I think she's with
k1lsPwMGRhM,20201224,3052,family when we were getting in that twitter fight the other day she said she does have voice comms for a while oh yeah maybe okay let's crushing factory okay so we need an export bus and import bus the crusher two exports into imports we should just make two and two
k1lsPwMGRhM,20201224,3091,need a milk peach getting full you know that's a good you know that's a real thing you have to milk pregnant women or they like her yes I didn't know that until when Rachel got pregnant like you have to like
k1lsPwMGRhM,20201224,3104,constantly like that's why they do that that the pumps and shit you don't milk constantly it like it gets orange you know what is the milking mean though like when you say I'm milking is it like when you
k1lsPwMGRhM,20201224,3116,milk a person for attention when they reply to you where's the import bus well i'm putting it so long time ago in a patsisco some guy like died in front of me and he screamed like help me and then that evolved to like kill me sometimes I kill me and then sometimes
k1lsPwMGRhM,20201224,3133,like I don't know like milk me that's the other thing that's where the main came from got it export if I needed milking would you milk me maybe someday ok capacity and acceleration cards capacity acceleration yes I think I want to think out as well right we've got to on the
k1lsPwMGRhM,20201224,3182,that's in the import one two explore one make a capacity card many people general banning yesterday oh what happened yesterday I feel somewhat responsible would you do dust you're gonna get a new twitter account from a couple months from a move
k1lsPwMGRhM,20201224,3224,so I like a fresh IP I just I brought the video to him and that's what sparked the whole thing what was the take is the dumb fuck philosophy to video I bet that was really good why is this not importing
k1lsPwMGRhM,20201224,3250,how many channels does one glass cable have I don't think I need to actually specify the import bus was important what the fuck uh... transport wait no one oh fuck transporter strict input off side config are you do have to do inputs outputs
k1lsPwMGRhM,20201224,3290,wait but I did have to do input on this tonight no I didn't all all it's also the internet nevermind i did have to go and the phone you be good change my mind and there we go seen an antenna wall street that's me
k1lsPwMGRhM,20201224,3327,god for the new year is we're gonna find a new program site synergy did holy shit are there we go this is working splendidly okay cool so a crushing factory is flashing hot feels here to be how it feels to be here while trying to make money thank
k1lsPwMGRhM,20201224,3371,everybody for a phenomenal back market good ok but You know so much, why don't you tell me why I should keep driving? That's for you to figure out. I just hope when you do, that I'm there to see it.
k1lsPwMGRhM,20201224,3445,When I watch you do some of the things you do, I just take my breath away. Remember that night we sat together with old Ben Burns and stood at night, something just clicked. I'm going to be a little bit nervous.
k1lsPwMGRhM,20201224,3478,Racing hasn't changed and it never will. I don't know how to move. It doesn't matter if racing never changes. What matters is if we let racing change us. I hope so. I hope so. When I'm in a T-180, I don't know.
k1lsPwMGRhM,20201224,3499,Everything just makes sense. No hesitation, nothing phases it. No one seems hateful of stopping it. These are a mission. With a quarter left to go, speed racer is back. Two cars between Hamland Destiny. Here we go again. I'm going to be a little bit nervous.
k1lsPwMGRhM,20201224,3543,I'm a fucking idiot. What's happening in this movie? I'm going to be a little bit nervous. What's happening in this movie? How many people with epilepsy die from watching the movie? I'm not sure. I'm not sure. I'm not sure.
k1lsPwMGRhM,20201224,3616,Does anybody remember? It was there an animated Hot Wheels movie? That was very similar. I'm sure the animated Hot Wheels movie. I watched the animated Barbie movie as well. I think considering that I was a kid, I watched it over and over again.
k1lsPwMGRhM,20201224,3638,That movie might be my most watched movie of all time. Love you, buddy. Also, cat made costume when? Hopefully January. Well, not a costume. It's a V-Tuber thing. I'm not sure. There's no way to copy the fucking side.
k1lsPwMGRhM,20201224,3714,I'm not sure. I'm not sure. I'm not sure. I'm not sure. I'm not sure. Okay. Linus collab with Electro Boom. You can know the fuck! Wow, we... You can know the fuck! Imagine being Dan and not being in here right now.
k1lsPwMGRhM,20201224,3782,I'm not sure. Dan doing Dan things? Disgusting, Dan. Dirty Daniel. I'm sorry. I was just having fun with the chat. Having fun bathing in the chatters into death? I was just asking a question. I don't get it though.
k1lsPwMGRhM,20201224,3809,Why was YouTube banned? Oh, okay. That seems like a relatively reasonable and normal way for a company to operate. Well, I mean, as opposed to Twitch that will just like, permaben you, if they get... Exactly. No, I was being completely serious.
k1lsPwMGRhM,20201224,3830,YouTube seems to have one of the best solutions to all of this that doesn't fuck your life up. I know it's a fucking boring topic, but I don't see why Twitch can't reach out to people, be specific, and handle things that way instead of just suspending accounts left and right.
k1lsPwMGRhM,20201224,3851,Because they're incompetent. They could. There's no reason why they couldn't. They just don't have the teams forward or don't know. Well, okay. Okay. A lot of people don't understand this. Let's talk about like, I'm going to give a very rough macro level of how companies work.
k1lsPwMGRhM,20201224,3875,Okay. Okay. Let's say that you're like a really big company, and let's say that you have one million dollars to spend. Okay, we have all this money. Okay. Oh, actually, this would be a good spreadsheet. No, until I do a spreadsheet. No, I should learn how to do the spreadsheets. Yeah, let's do it.
k1lsPwMGRhM,20201224,3900,All right. Let's say that we have a million dollars to spend as a company. Okay. Okay. There are certain things that we could spend our money on. So, let's think of some. Okay. So, let's say we have a budget for like micro transactions.
k1lsPwMGRhM,20201224,3942,Okay. So, like this could be like making skins, essentially, whatever. Let's say that we have like new features. Okay. So, this might be like new add-ons to the game. It might be new levels. It might be new. Weapon systems or something like that. Okay.
k1lsPwMGRhM,20201224,3967,And then let's say that we have stuff like bug fixing. Or bug fixing might be like, you know, fixing basic bugs, it causes a screen of freeze or something like that. And then let's say at the bottom we have something like
k1lsPwMGRhM,20201224,3987,I'll do like tier one talent. Do you know how many people those stream managers have under them? How many like? Yeah. How many partners they each manage? Because I don't have 100s. Okay. Yeah. It's pretty, pretty bad. Let's say that for every dollar that we spend on, is it some equals?
k1lsPwMGRhM,20201224,4036,Wait, how do you type in formulas? Or it's equals some. What if I want to multiply? Is there? It's the asterisk. So it's equals then the cell, then the asterisk and then whatever you want to go after that.
k1lsPwMGRhM,20201224,4066,Does this work? So I would have 10 with this. Give me 15. Wait, hold on. Give me one second. Hold on. Hold on. Alright, we must. Check the halls with the halls of Stephen. Sub to e-girls by them presents.
k1lsPwMGRhM,20201224,4147,Blah blah blah blah blah blah blah blah blah. You can all fuck. Blah blah blah blah blah blah blah. You think Stephen started this analogy and then he was like, you know what? I don't know where I was going to go with this. And so he just kind of dipped out for another two hours and then he's going to come back and completely not touch it.
k1lsPwMGRhM,20201224,4229,That's impossible. That's the guitar. I can't figure that one out. That's it. I can sing it guys the new one I just learned, but I'm not good at it. I've only heard this only 10 times. Blah blah blah blah blah.
k1lsPwMGRhM,20201224,4332,You can all of me, something girl. Are you happy in this modern world? Oh do you need more? Here's something that you're searching for. I'm falling for the fucker. Oh good times I find myself longing. Before change. In the bad times I fear myself.
k1lsPwMGRhM,20201224,4370,Tell me something boy. Aren't you tired trying to feel that boy? I think memes. Oh do you need more? Ain't it hard keeping so hard co? I'm falling. Who is wrong? I'm falling. No good time to find myself longing.
k1lsPwMGRhM,20201224,4402,Before change. In the bad times I fear myself. I'm on the deep end, watching as I dive in. I'll never meet the ground. Rest of the surface where they can't hurt us. Whip off in the shallow now. I don't know that song at all.
k1lsPwMGRhM,20201224,4436,It must be your skin, as I'm sinking in. It must be for real, cause now I can feel. And not in my eyes. I'm falling. I'm falling. I'm falling. I'm falling. I'm falling. Now I can feel. And not in mine, it's not my kind, it's not my time.
k1lsPwMGRhM,20201224,4472,To wonder why everything's gone great. Now you're here, but now you're away. I don't want to miss. Remember who that. I'll never forget where you'll wrap. I wonder how much of these songs I can play before DMCA kicks in.
k1lsPwMGRhM,20201224,4495,Also, damn, that's not how I did it. True. Let's see. That's the secret. I can actually like a Grammy nominated singer. I just keep it bad so that Stephen doesn't get married. I don't like that. I don't have the voice for any radio.
k1lsPwMGRhM,20201224,4572,I don't have a voice for any song, but I especially don't have a voice for any radio head song. I don't have a voice for any song. I don't have a voice for any song. I don't have a voice for any song.
k1lsPwMGRhM,20201224,4656,I don't have a voice for any song. I don't have a voice for any song. Is it fair to ask a socialist to single-handed cover all eventualities in a replacement model for capitalism? When capitalism, today, has been the combined effort of every human intellect for, at least, the last 300 years.
k1lsPwMGRhM,20201224,4732,Bonus me, woo, woo, woo, woo, woo. I'm going to finally sing. This is a song I've known for a long time, but I just learned how to play it. Whether or not it's going to be good, I don't know.
k1lsPwMGRhM,20201224,4787,I'm not sure I'm blind. Miss Jones taught me English, but I think I just shot her son. Pull it in the chest you cannot run. I love you. I just played guitar until you came back. I assume you're going with this, where you're going with this spreadsheet is that they didn't invest a lot into this early on.
k1lsPwMGRhM,20201224,4860,I don't know. I know that there isn't a lot of monetary return on investing in that part of the system. I'm not sure I'm going to be able to do that. I'm not sure I'm going to be able to do that.
k1lsPwMGRhM,20201224,4913,I'm not sure I'm going to be able to do that. I'm not sure I'm going to be able to do that. I'm not sure I'm going to be able to do that. I'm not sure I'm going to be able to do that.
k1lsPwMGRhM,20201224,4983,Let's say I can dump dollars into microtransactions. Let's say I put $100,000 into dev hours for microtransactions. I can invest $100,000 into new features. I can invest $100,000 into bug fixing or I can invest $100,000 into community management.
k1lsPwMGRhM,20201224,5041,If I look at microtransactions are a very low cost thing. I can get a ton of money. I can get a ton of money. I can get a ton of money. Let's say I can invest in new features.
k1lsPwMGRhM,20201224,5110,New features can make a decent amount of money but those require a much bigger investment. We can also fix bugs. Fixing a bug isn't going to make us much money at all unless the bug is super fucking important.
k1lsPwMGRhM,20201224,5141,We can invest some time in community management but it's not like we get paid to do it. Maybe some of those people will be more likely to buy a microtransaction or pay for a new feature or something in the future.
k1lsPwMGRhM,20201224,5161,You're paying people to respond to people in forums, and not making money. You're not really making money. If I have a board of directors, if my company needs to be as profitable as possible, we come to our end of your spending summaries.
k1lsPwMGRhM,20201224,5196,We have four buckets here that we can invest into. We can design new features as well. We could spend a little bit fixing bugs to make sure it stays clean and shit. We're not going to do that much in community management because this is costing us money to do.
k1lsPwMGRhM,20201224,5248,There's not much money to be made. If you're an investor, let's say you've got two companies you're looking at. We've got two companies that we look at. We're going to invest a lot of money in microtransactions. We spend a little bit in bug fixing.
k1lsPwMGRhM,20201224,5315,We're going to invest a little bit in microtransactions. We're going to invest a lot of money. We're going to invest a lot of money in microtransactions. We're going to invest a lot of money in microtransactions. We're going to invest a lot of money in microtransactions.
k1lsPwMGRhM,20201224,5421,We're going to invest a lot of money in microtransactions. We're going to invest a lot of money in microtransactions. We're going to invest a lot of money in microtransactions. We're going to invest a lot of money in microtransactions.
k1lsPwMGRhM,20201224,5509,We're going to invest a lot of money in microtransactions. We're going to invest a lot of money in microtransactions. We're going to invest a lot of money in microtransactions. We're going to invest a lot of money in microtransactions.
k1lsPwMGRhM,20201224,5597,We're going to invest a lot of money in microtransactions. We're going to invest a lot of money in microtransactions. We're going to invest a lot of money in microtransactions. We're going to invest a lot of money in microtransactions.
k1lsPwMGRhM,20201224,5685,We're going to invest a lot of money in microtransactions. We're going to invest a lot of money in microtransactions. We're going to invest a lot of money in microtransactions. We're going to invest a lot of money in microtransactions.
k1lsPwMGRhM,20201224,5773,We're going to invest a lot of money in microtransactions. We're going to invest a lot of money in microtransactions. We're going to invest a lot of money in microtransactions. We're going to invest a lot of money in microtransactions.
k1lsPwMGRhM,20201224,5861,We're going to invest a lot of money in microtransactions. We're going to invest a lot of money in microtransactions. We're going to invest a lot of money in microtransactions. We're going to invest a lot of money in microtransactions.
k1lsPwMGRhM,20201224,5949,We're going to invest a lot of money in microtransactions. We're going to invest a lot of money in microtransactions. We're going to invest a lot of money in microtransactions. We're going to invest a lot of money in microtransactions.
k1lsPwMGRhM,20201224,6037,We're going to invest a lot of money in microtransactions. We're going to invest a lot of money in microtransactions. We're going to invest a lot of money in microtransactions. We're going to invest a lot of money in microtransactions.
k1lsPwMGRhM,20201224,6125,We're going to invest a lot of money in microtransactions. We're going to invest a lot of money in microtransactions. We're going to invest a lot of money in microtransactions. We're going to invest a lot of money in microtransactions.
k1lsPwMGRhM,20201224,6213,We're going to invest a lot of money in microtransactions. We're going to invest a lot of money in microtransactions. We're going to invest a lot of money in microtransactions. We're going to invest a lot of money in microtransactions.
k1lsPwMGRhM,20201224,6301,We're going to invest a lot of money in microtransactions. We're going to invest a lot of money in microtransactions. We're going to invest a lot of money in microtransactions. We're going to invest a lot of money in microtransactions.
k1lsPwMGRhM,20201224,6389,We're going to invest a lot of money in microtransactions. We're going to invest a lot of money in microtransactions. We're going to invest a lot of money in microtransactions. We're going to invest a lot of money in microtransactions.
k1lsPwMGRhM,20201224,6477,We're going to invest a lot of money in microtransactions. We're going to invest a lot of money in microtransactions. We're going to invest a lot of money in microtransactions. We're going to invest a lot of money in microtransactions.
k1lsPwMGRhM,20201224,6565,We're going to invest a lot of money in microtransactions. We're going to invest a lot of money in microtransactions. We're going to invest a lot of money in microtransactions. We're going to invest a lot of money in microtransactions.
k1lsPwMGRhM,20201224,6661,We're going to invest a lot of money in microtransactions. We're going to invest a lot of money in microtransactions. We're going to invest a lot of money in microtransactions. We're going to invest a lot of money in microtransactions.
k1lsPwMGRhM,20201224,6749,We're going to invest a lot of money in microtransactions. We're going to invest a lot of money in microtransactions. We're going to invest a lot of money in microtransactions. We're going to invest a lot of money in microtransactions.
k1lsPwMGRhM,20201224,6837,We're going to invest a lot of money in microtransactions. We're going to invest a lot of money in microtransactions. We're going to invest a lot of money in microtransactions. We're going to invest a lot of money in microtransactions.
k1lsPwMGRhM,20201224,6925,We're going to invest a lot of money in microtransactions. We're going to invest a lot of money in microtransactions. We're going to invest a lot of money in microtransactions. We're going to invest a lot of money in microtransactions.
k1lsPwMGRhM,20201224,7013,We're going to invest a lot of money in microtransactions. We're going to invest a lot of money in microtransactions. We're going to invest a lot of money in microtransactions. We're going to invest a lot of money in microtransactions.
k1lsPwMGRhM,20201224,7101,We're going to invest a lot of money in microtransactions. We're going to invest a lot of money in microtransactions. We're going to invest a lot of money in microtransactions. We're going to invest a lot of money in microtransactions.
k1lsPwMGRhM,20201224,7189,We're going to invest a lot of money in microtransactions. We're going to invest a lot of money in microtransactions. We're going to invest a lot of money in microtransactions. We're going to invest a lot of money in microtransactions.
k1lsPwMGRhM,20201224,7277,We're going to invest a lot of money in microtransactions. We're going to invest a lot of money in microtransactions. We're going to invest a lot of money in microtransactions. We're going to invest a lot of money in microtransactions.
k1lsPwMGRhM,20201224,7365,We're going to invest a lot of money in microtransactions. We're going to invest a lot of money in microtransactions. We're going to invest a lot of money in microtransactions. We're going to invest a lot of money in microtransactions.
k1lsPwMGRhM,20201224,7453,We're going to invest a lot of money in microtransactions. We're going to invest a lot of money in microtransactions. We're going to invest a lot of money in microtransactions. We're going to invest a lot of money in microtransactions.
k1lsPwMGRhM,20201224,7541,We're going to invest a lot of money in microtransactions. We're going to invest a lot of money in microtransactions. We're going to invest a lot of money in microtransactions. We're going to invest a lot of money in microtransactions.
k1lsPwMGRhM,20201224,7629,We're going to invest a lot of money in microtransactions. We're going to invest a lot of money in microtransactions. We're going to invest a lot of money in microtransactions. We're going to invest a lot of money in microtransactions.
k1lsPwMGRhM,20201224,7717,We're going to invest a lot of money in microtransactions. We're going to invest a lot of money in microtransactions. We're going to invest a lot of money in microtransactions. We're going to invest a lot of money in microtransactions.
k1lsPwMGRhM,20201224,7805,We're going to invest a lot of money in microtransactions. We're going to invest a lot of money in microtransactions. We're going to invest a lot of money in microtransactions. We're going to invest a lot of money in microtransactions.
k1lsPwMGRhM,20201224,7893,We're going to invest a lot of money in microtransactions. We're going to invest a lot of money in microtransactions. We're going to invest a lot of money in microtransactions. We're going to invest a lot of money in microtransactions.
k1lsPwMGRhM,20201224,7981,We're going to invest a lot of money in microtransactions. We're going to invest a lot of money in microtransactions. We're going to invest a lot of money in microtransactions. We're going to invest a lot of money in microtransactions.
k1lsPwMGRhM,20201224,8069,We're going to invest a lot of money in microtransactions. We're going to invest a lot of money in microtransactions. We're going to invest a lot of money in microtransactions. We're going to invest a lot of money in microtransactions.
k1lsPwMGRhM,20201224,8157,We're going to invest a lot of money in microtransactions. We're going to invest a lot of money in microtransactions. We're going to invest a lot of money in microtransactions. We're going to invest a lot of money in microtransactions.
k1lsPwMGRhM,20201224,8245,We're going to invest a lot of money in microtransactions. We're going to invest a lot of money in microtransactions. We're going to invest a lot of money in microtransactions. We're going to invest a lot of money in microtransactions.
k1lsPwMGRhM,20201224,8302,We're going to invest a lot of money in microtransactions. We're going to invest a lot of money in microtransactions. We're going to invest a lot of money in microtransactions. We're going to invest a lot of money in microtransactions.
k1lsPwMGRhM,20201224,8390,We're going to invest a lot of money in microtransactions. We're going to invest a lot of money in microtransactions. We're going to invest a lot of money in microtransactions. We're going to invest a lot of money in microtransactions.
k1lsPwMGRhM,20201224,8462,We're going to invest a lot of money in microtransactions. We're going to invest a lot of money in microtransactions. We're going to invest a lot of money in microtransactions. We're going to invest a lot of money in microtransactions.
k1lsPwMGRhM,20201224,8550,We're going to invest a lot of money in microtransactions. We're going to invest a lot of money in microtransactions. We're going to invest a lot of money in microtransactions. We're going to invest a lot of money in microtransactions.
k1lsPwMGRhM,20201224,8638,We're going to invest a lot of money in microtransactions. We're going to invest a lot of money in microtransactions. We're going to invest a lot of money in microtransactions. We're going to invest a lot of money in microtransactions.
k1lsPwMGRhM,20201224,8726,We're going to invest a lot of money in microtransactions. We're going to invest a lot of money in microtransactions. We're going to invest a lot of money in microtransactions. We're going to invest a lot of money in microtransactions.
k1lsPwMGRhM,20201224,8814,We're going to invest a lot of money in microtransactions. We're going to invest a lot of money in microtransactions. We're going to invest a lot of money in microtransactions. We're going to invest a lot of money in microtransactions.
k1lsPwMGRhM,20201224,8902,We're going to invest a lot of money in microtransactions. We're going to invest a lot of money in microtransactions. We're going to invest a lot of money in microtransactions. We're going to invest a lot of money in microtransactions.
k1lsPwMGRhM,20201224,8975,We're going to invest a lot of money in microtransactions. We're going to invest a lot of money in microtransactions. We're going to invest a lot of money in microtransactions. We're going to invest a lot of money in microtransactions.
k1lsPwMGRhM,20201224,9063,We're going to invest a lot of money in microtransactions. We're going to invest a lot of money in microtransactions. We're going to invest a lot of money in microtransactions. We're going to invest a lot of money in microtransactions.
k1lsPwMGRhM,20201224,9136,We're going to invest a lot of money in microtransactions. We're going to invest a lot of money in microtransactions. We're going to invest a lot of money in microtransactions. We're going to invest a lot of money in microtransactions.
k1lsPwMGRhM,20201224,9224,We're going to invest a lot of money in microtransactions. We're going to invest a lot of money in microtransactions. We're going to invest a lot of money in microtransactions. We're going to invest a lot of money in microtransactions.
k1lsPwMGRhM,20201224,9312,We're going to invest a lot of money in microtransactions. We're going to invest a lot of money in microtransactions. We're going to invest a lot of money in microtransactions. We're going to invest a lot of money in microtransactions.
k1lsPwMGRhM,20201224,9384,We're going to invest a lot of money in microtransactions. We're going to invest a lot of money in microtransactions. We're going to invest a lot of money in microtransactions. We're going to invest a lot of money in microtransactions.
k1lsPwMGRhM,20201224,9472,We're going to invest a lot of money in microtransactions. We're going to invest a lot of money in microtransactions. We're going to invest a lot of money in microtransactions. We're going to invest a lot of money in microtransactions.
k1lsPwMGRhM,20201224,9560,We're going to invest a lot of money in microtransactions. We're going to invest a lot of money in microtransactions. We're going to invest a lot of money in microtransactions. We're going to invest a lot of money in microtransactions.
k1lsPwMGRhM,20201224,9648,We're going to invest a lot of money in microtransactions. We're going to invest a lot of money in microtransactions. We're going to invest a lot of money in microtransactions. Damn dude, people got so mad at my judging. We're going to invest a lot of money in microtransactions.
k1lsPwMGRhM,20201224,9766,We're going to invest a lot of money in microtransactions. We're going to invest a lot of money in microtransactions. We're going to invest a lot of money in microtransactions. We're going to invest a lot of money in microtransactions.
k1lsPwMGRhM,20201224,9854,We're going to invest a lot of money in microtransactions. We're going to invest a lot of money in microtransactions. We're going to invest a lot of money in microtransactions. We're going to invest a lot of money in microtransactions.
k1lsPwMGRhM,20201224,9942,We're going to invest a lot of money in microtransactions. We're going to invest a lot of money in microtransactions. We're going to invest a lot of money in microtransactions. We're going to invest a lot of money in microtransactions.
k1lsPwMGRhM,20201224,10030,We're going to invest a lot of money in microtransactions. We're going to invest a lot of money in microtransactions. We're going to invest a lot of money in microtransactions. We need to work in more home improvement sounds into the stream.
k1lsPwMGRhM,20201224,10118,We're going to invest a lot of money in microtransactions. We're going to invest a lot of money in microtransactions. We're going to invest a lot of money in microtransactions. We're going to invest a lot of money in microtransactions.
k1lsPwMGRhM,20201224,10206,We're going to invest a lot of money in microtransactions. We're going to invest a lot of money in microtransactions. We're going to invest a lot of money in microtransactions. We're going to invest a lot of money in microtransactions.
k1lsPwMGRhM,20201224,10294,We're going to invest a lot of money in microtransactions. We're going to invest a lot of money in microtransactions. We're going to invest a lot of money in microtransactions. We're going to invest a lot of money in microtransactions.
k1lsPwMGRhM,20201224,10367,We're going to invest a lot of money in microtransactions. We're going to invest a lot of money in microtransactions. We're going to invest a lot of money in microtransactions. We're going to invest a lot of money in microtransactions.
k1lsPwMGRhM,20201224,10424,We're going to invest a lot of money in microtransactions. We're going to invest a lot of money in microtransactions. We're going to invest a lot of money in microtransactions. We're going to invest a lot of money in microtransactions.
k1lsPwMGRhM,20201224,10496,We're going to invest a lot of money in microtransactions. We're going to invest a lot of money in microtransactions. We're going to invest a lot of money in microtransactions. We're going to invest a lot of money in microtransactions.
k1lsPwMGRhM,20201224,10584,We're going to invest a lot of money in microtransactions. We're going to invest a lot of money in microtransactions. We're going to invest a lot of money in microtransactions. We're going to invest a lot of money in microtransactions.
k1lsPwMGRhM,20201224,10672,We're going to invest a lot of money in microtransactions. We're going to invest a lot of money in microtransactions. We're going to invest a lot of money in microtransactions. We're going to invest a lot of money in microtransactions.
k1lsPwMGRhM,20201224,10744,We're going to invest a lot of money in microtransactions. We're going to invest a lot of money in microtransactions. We're going to invest a lot of money in microtransactions. We're going to invest a lot of money in microtransactions.
k1lsPwMGRhM,20201224,10832,We're going to invest a lot of money in microtransactions. We're going to invest a lot of money in microtransactions. We're going to invest a lot of money in microtransactions. We're going to invest a lot of money in microtransactions.
k1lsPwMGRhM,20201224,10920,We're going to invest a lot of money in microtransactions. We're going to invest a lot of money in microtransactions. We're going to invest a lot of money in microtransactions. We're going to invest a lot of money in microtransactions.
k1lsPwMGRhM,20201224,11008,We're going to invest a lot of money in microtransactions. We're going to invest a lot of money in microtransactions. We're going to invest a lot of money in microtransactions. We're going to invest a lot of money in microtransactions.
k1lsPwMGRhM,20201224,11064,We're going to invest a lot of money in microtransactions. We're going to invest a lot of money in microtransactions. We're going to invest a lot of money in microtransactions. We're going to invest a lot of money in microtransactions.
k1lsPwMGRhM,20201224,11152,We're going to invest a lot of money in microtransactions. We're going to invest a lot of money in microtransactions. We're going to invest a lot of money in microtransactions. We're going to invest a lot of money in microtransactions.
k1lsPwMGRhM,20201224,11240,We're going to invest a lot of money in microtransactions. We're going to invest a lot of money in microtransactions. We're going to invest a lot of money in microtransactions. We're going to invest a lot of money in microtransactions.
k1lsPwMGRhM,20201224,11330,We're going to invest a lot of money in microtransactions. We're going to invest a lot of money in microtransactions. We're going to invest a lot of money in microtransactions. We're going to invest a lot of money in microtransactions.
k1lsPwMGRhM,20201224,11418,We're going to invest a lot of money in microtransactions. We're going to invest a lot of money in microtransactions. We're going to invest a lot of money in microtransactions. We're going to invest a lot of money in microtransactions.
k1lsPwMGRhM,20201224,11506,We're going to invest a lot of money in microtransactions. We're going to invest a lot of money in microtransactions. We're going to invest a lot of money in microtransactions. We're going to invest a lot of money in microtransactions.
k1lsPwMGRhM,20201224,11594,We're going to invest a lot of money in microtransactions. We're going to invest a lot of money in microtransactions. We're going to invest a lot of money in microtransactions. We're going to invest a lot of money in microtransactions.
k1lsPwMGRhM,20201224,11667,We're going to invest a lot of money in microtransactions. We're going to invest a lot of money in microtransactions. We're going to invest a lot of money in microtransactions. We're going to invest a lot of money in microtransactions.
k1lsPwMGRhM,20201224,11755,We're going to invest a lot of money in microtransactions. We're going to invest a lot of money in microtransactions. We're going to invest a lot of money in microtransactions. We're going to invest a lot of money in microtransactions.
k1lsPwMGRhM,20201224,11843,We're going to invest a lot of money in microtransactions. We're going to invest a lot of money in microtransactions. We're going to invest a lot of money in microtransactions. We're going to invest a lot of money in microtransactions.
k1lsPwMGRhM,20201224,11931,We're going to invest a lot of money in microtransactions. We're going to invest a lot of money in microtransactions. We're going to invest a lot of money in microtransactions. We're going to invest a lot of money in microtransactions.
k1lsPwMGRhM,20201224,12019,We're going to invest a lot of money in microtransactions. We're going to invest a lot of money in microtransactions. We're going to invest a lot of money in microtransactions. We're going to invest a lot of money in microtransactions.
k1lsPwMGRhM,20201224,12113,We're going to invest a lot of money in microtransactions. We're going to invest a lot of money in microtransactions. We're going to invest a lot of money in microtransactions. We're going to invest a lot of money in microtransactions.
k1lsPwMGRhM,20201224,12201,We're going to invest a lot of money in microtransactions. We're going to invest a lot of money in microtransactions. We're going to invest a lot of money in microtransactions. Are you okay? Dan Mooten? What the fuck did Dan go?
k1lsPwMGRhM,20201224,12263,Knowledge Shona Dichachara. Okay, so 16 plus... You can know the fuck. That's the minimum height. We'll probably need to make it a lot taller than that. Wait, why? You can know the fuck. I'm putting them on Spotify. The height determines how quickly it works.
k1lsPwMGRhM,20201224,12347,This is why we need to cancel all student debt. It's a social justice issue. Dentistry is the number one job in America for debt. The number one job in America for debt. I don't know anymore about any of this.
k1lsPwMGRhM,20201224,12395,You can know the fuck. How many is it? 16 of these. Oh my god, I think I can just do it. Destinys WTF, why are we not using the superior YouTube video player? I watch Keemstar. You can know the fuck.
k1lsPwMGRhM,20201224,12432,I've taken the red pill. Minecraft fans need to be kicked out of this country or put in concentration camps. Also, Ayaya wins. You really thought that was a good one? Whenever I hear Lick and all I can think of is shitting my pants.
k1lsPwMGRhM,20201224,12449,I don't know why. I'm sorry. Merry Christmas, Stephen and DJG. Three, you all it's been a crazy year, but I hope you're all having a happy holidays. You can know the fuck. Alright, you know what? Do you feel alright when you tow mash?
k1lsPwMGRhM,20201224,12478,Good one. I'd give you saw my message, but you can just have re-recaps and use motion graphic animation. Pretty much just illustrations moving around the screen the same way Hearthstone does their trailers so you can keep the cute art you like over some voice work.
k1lsPwMGRhM,20201224,12499,You can know the fuck. Okay, cool. Did you order the food yet? I know. Wait, she knows Dintai Fung closes at 3.30, right? No. What, Mooten? That's what I thought. If you're not going to come out and say it.
k1lsPwMGRhM,20201224,12560,I thought I will say it. Dann, Badd. What did you just say? You heard him. You called me fat? That's what I heard that you called me fat. You think that's okay to do? You miss her. You miss her.
k1lsPwMGRhM,20201224,12585,I know you can't say bad things about a Twitch partner. I can, actually. I will if I wanted to. What are you looking for, Mel? Why? What are you doing? You're going to get trafficked. Goodbye, Mel. Maybe you're going to be a maid or something in another country against your will for the rest of your life.
k1lsPwMGRhM,20201224,12623,What the fuck did I come back to? Oh Oh What Oh no way this should be an advanced mouse. Oh fuck. Why did I break that? Is it still working? Yeah, Christ. What number is this? Did you ever play Delta room?
k1lsPwMGRhM,20201224,12653,No, I didn't. Wasn't I good? It was fun. It's just like a Less done Okay, Grimmer Okay Wait, did that come out like for real? I thought it was just like chapter one or something. It was like chapter one. Oh
k1lsPwMGRhM,20201224,12672,Whatever this start. I was gonna say I thought I didn't think I could possibly miss that when I fully drops Okay, Grimmer What do you say? You can know fuck take the hypnoporn pill The what pill Hypnotorn The fuck is hypnotorn. Oh, dude. What the fuck you don't know what hypnotorn is
k1lsPwMGRhM,20201224,12701,It's a badass is fuck dude Just like little little pixel art gift girls getting hypnotized and have masturbating from the computer I can't believe you don't know about this new fad You're not Oh as somewhat of a Pokemon, you know speedrunner and
k1lsPwMGRhM,20201224,12727,The what's the word expert now? Just like to say that no one gives a fuck about the story in Pokemon whatsoever And they need to stop adding fucking hour-long dialogues that shit-ass game true What if you know you know I
k1lsPwMGRhM,20201224,12749,Actually love the story in Pokemon. Yeah. Yeah Name the rival Gary. Oh, it's No Gary Oak. Yeah, Professor Oak Sun. Yeah, it's not really okay. Well and red. It's actually just blue isn't it? I'm also gonna say this
k1lsPwMGRhM,20201224,12777,The ye moats are just substitute and shitty Pepe emotes. I Said it Now we get to watch Mr. Moon gripped back to the but I like ye I like ye. I'm just saying that he didn't get a fair shake on the emotes
k1lsPwMGRhM,20201224,12795,No, I agree Moon. I despise you with all my being but at least Not just copy existing ones really you just kind of copied Pepe Whereas ye should get his own emos. He should get his own feelings and you know everybody laughs
k1lsPwMGRhM,20201224,12809,What do you mean is he or we're not out of not at a lot of you laughing now? You laugh is very good. That's the only one though. Okay. What what ones are bad? Okay One sec the new ye is garbage. I like the old ye. I don't like the Christmas ye. I said it
k1lsPwMGRhM,20201224,12826,Feels peak man and peak mods are the same exact emotion So I actually didn't know that they were two different emotes. Well, it's they're literally the same. It's subtle Subtile but yes So those both are shit or sorry one of them is fine. I guess however
k1lsPwMGRhM,20201224,12845,It's just copying Pepe mods, but we don't need feels peak man and peak mods We could have different emotes, you know different emotions Maybe a Chad fucking dinosaur You know is what we should have painfully white right now, but Jesus. Oh wait
k1lsPwMGRhM,20201224,12861,We're being white something wrong with hold on just scrub king. Okay, it's something wrong with being white Steven When you're not actually white. Yeah, fine, then I'm not white. What am I white or am I not white pick it?
k1lsPwMGRhM,20201224,12873,Well, and I'll stick to it Sorry Why would you apologize to him about your whiteness? I'm not a false anything anybody Why did you bring him to the conversation like that? Because he was kind of cut off by me
k1lsPwMGRhM,20201224,12894,Okay, and Where's Danette what Dan it's called a duty time I've been playing all day today actually prove it. Yeah, are you any good yet? No, I am washed right now You were never like never unwashed they integrate integrated like
k1lsPwMGRhM,20201224,12918,Cold war guns so like there's people running around with like a Mac 10 and some DMR. That's like but destroying people I would have a little order for food. Hold on one second I didn't have the heart to tell them down, but I gotta leave soon. Oh, yeah, yeah, we're gonna go to I'm gonna go to a
k1lsPwMGRhM,20201224,12944,A Japanese restaurant Oh, what I was gonna say is that there's plenty of emotes Like from twitch that we still have in dgg and I feel like you should have taken those rather than just copy Yeah, I agree with you. You just kind of copied Pepe whereas as a year. I don't think that's something you would do
k1lsPwMGRhM,20201224,12976,I feel like we got some Pepeers Who are in charge of the emotes? I think you would you know make his own style. Oh, yeah Yeah And I hope that the average year can you know if you don't agree with what I'm saying at least you can respect
k1lsPwMGRhM,20201224,12989,And I'm trying to speak out At the very least you can respect it. Oh Wait, what is that? Oh you jams that one is good How much longer is it supposed to be end of the year the Olympic shit
k1lsPwMGRhM,20201224,13015,I don't remember But the whole point of the alternate emo to the people don't want to use the Pepe ones anymore Then why are the Pepe ones still the most used? Because there's a lot of Disgusting and sad and fucking pathetic Pepe people that are holding on you ready
k1lsPwMGRhM,20201224,13035,The Pepe emote in destiny.g is our version of the Confederate flag What what I said it I don't know What What It's their heritage Stephen They lost the war they raised with that emo it means something else than just the war
k1lsPwMGRhM,20201224,13085,First of all that emotes only been around like four years, okay Pepe the characters been around longer than yeh I guess over Russell has been around the beginning. Yeah We have an emote right now that represents dgg chat and that's yeh
k1lsPwMGRhM,20201224,13100,No, the Confederate flag in dg is definitely this let me tell you what I'll DM it. I already know what it is over Russell Yeah, that's the that is the dg Confederate flag. That's a that's true That's actually super true. Yeah
k1lsPwMGRhM,20201224,13120,No, it's you Oh, it's you now. Oh, I mean, oh you're saying ye's the Confederate flag. I would agree with that. Yeah Yeah, if you know what the Confederate flag is you've been around for a while indeed Gee
k1lsPwMGRhM,20201224,13150,I mean the incredibly hard pill to swallow for all ye supporters is that they only exist in opposition to Pepe It's not true I mean if anything the even the new emotes prove that We just want to give Pepe people a way to integrate over to the east side so they have ways to express themselves
k1lsPwMGRhM,20201224,13175,Yeah, but Pepe invented those ways of expressing themselves like come up with Pepe invented truly Independent they would be able to come up with their ways of expressing emotion Pepe invented the laughing Yes, yeah, yeah, he did now what? Oh in deliberl
k1lsPwMGRhM,20201224,13200,I would say that emote culture in general is probably due to Pepe the character easily The emote meta did not become what it is today without like peepo and Pepe and all those characters Christ, imagine me miss erigae are all Pepe people this arrogant guys
k1lsPwMGRhM,20201224,13216,Well, I always like that. I'm an ooh, okay. I'm a oh my god Okay, never mind if moods on my side of the argument like third party voter never mind Get me out. Oh, and ye get along They do
k1lsPwMGRhM,20201224,13232,The olympics that's what it's going to be called. We'll host it. That's fine. We don't have a dog in the race between the Pepe's and the ease Uh now we can all go against I think all sides can come together and say fuck the weaves and we don't want more weebima
k1lsPwMGRhM,20201224,13257,Is that true Pepe and years can we agree and it works? Oh My god, I built the wrong thing. I Think we should keep one weeb emote so that there's like sort of like an identifying that yeah, yeah
k1lsPwMGRhM,20201224,13272,Actually, I'm yeah, I'm happy because when it's offline chat and people do not say for work links if I see that Oh, yeah, yeah, yeah, yeah, cute cine. I'm like nope. Not clicking this. I know there's nothing for me behind this
k1lsPwMGRhM,20201224,13284,Cutes any I'm never clicking that emote. That's for goddamn sure Wait, can we not make solar panels in this mod back Wait, I could have sworn there's a solar panel thing I Fuck green energy I was thinking before there should be like you could make a
k1lsPwMGRhM,20201224,13318,Extension for chrome that whenever a link in chat has a not safe or work tab Tag The extension would go and click it silently in the background that analyze the colors of the image To determine if it was an anime style image and then if it was it would just completely remove the the link from your chat
k1lsPwMGRhM,20201224,13336,So you can have instantaneously. Yeah, exactly censoring yourself based Uh cake got a new cat everybody christmas dam. Yeah, add that person to the ignore link list for a future not safe work links Why name shouldn't get more than one emote per message? I said it say it again set it before
k1lsPwMGRhM,20201224,13370,Weeps out The real take is it white name should not be able to use cheapie desk. I think I'm a white name right now. So uh, yeah, I Have a bad white name right now, so But we're part of the dark triad podcast
k1lsPwMGRhM,20201224,13392,Yeah, but mr. Ritten's like or sorry, uh, rtba is like messaging me saying if I don't pay him $500. He's gonna leave it like this now Uh, no, I'm not separating those brother cats actually I think those two got adopted
k1lsPwMGRhM,20201224,13409,But I did get a hold on the other cat that I liked. Um, so I'm gonna be getting Well, their current names are velcro and Nero right now, but I will be changing their names So what whatever happened to the uh that bonded pair that you fucked up someone else. I didn't fuck them up
k1lsPwMGRhM,20201224,13424,Someone else adopted, uh, at least one of them. I don't know if they adopted both You guys hear what happened with that? Nothing happened with that you dumb bastard. They weren't even bonded They were bonded like no, they were not bonded. They were not a bonded pair. I asked the lady and she said no, no, no
k1lsPwMGRhM,20201224,13443,They're very uh, they're very separated. They're just chilling. Oh, yeah, I don't know No, no, so mr. Mone goes into this fucking cat pound Lying they're gonna leave you're lying. You're lying He goes to adopt he goes to adopt a one of a bond or something
k1lsPwMGRhM,20201224,13457,I didn't go to adopt anything because I can't even get the cat till the night he's so now you're lying He's mr. Moon is telling half the truth. He did not adopt one that is true But what he didn't tell you is that when he went in he placed a reserve on one of them and when he went back to say okay
k1lsPwMGRhM,20201224,13472,I don't want to adopt it. I'm gonna split him up. The other one already been adopted out Oh, yeah Yeah, just this is fake news Do you think on some level weep sound uh, senate republicans secretly wish that trump didn't actually get elected for those four years
k1lsPwMGRhM,20201224,13510,Uh-huh The best emote is cup crab slash cup crab in five slash four slash three slash two slash one pulling out at your nose here is Simultaneously one of the most painful things you can do to yourself and also one of the best things you can do
k1lsPwMGRhM,20201224,13531,It's not bad, but it's not good. No, I don't know dude. It's it's quite bad, but also quite awesome This is different than than a certain thing. It's amazing and also the worst thing at once Quite bad and quite good
k1lsPwMGRhM,20201224,13547,I never understood it, but sometimes you get a nose head. It's too long. You just gotta grab it You grab it and then at first you give it a little tug. It's very painful But man a good tug and all of a sudden that just went straight through your brain
k1lsPwMGRhM,20201224,13560,Do you guys ever get eyelashes that are really long and just white? Does it happen to anyone else? It's happens once every few months that I'll like go to the mirror and I'll have a super long eyelash She's fucking white. I don't know why
k1lsPwMGRhM,20201224,13581,Yes, except not white I guess it's gray rather than white Okay, what the fuck am I supposed to do with this thing? Do I pipe water into here? Weeps and All right, I'm out of here. Go get ready. We're gonna go to a Japanese restaurant
k1lsPwMGRhM,20201224,13606,Wait, you guys are both going to a Japanese restaurant? Dan's not fun. Where are you going? I don't want to send a name but a Japanese restaurant. I mean like who you went? Oh salsa and then someone named Jeff
k1lsPwMGRhM,20201224,13619,Enjoy hope you have a good Christmas It's not Christmas yet. Yeah, I like saying Merry Christmas on Christmas Eve. I like saying happy holidays Just kidding. At least a happy holidays to a friend or a public Wait, are these things making noise?
k1lsPwMGRhM,20201224,13636,Wait, what is going on? What are you guys doing right now? Am I fucking Weeps out Thank you for the 58 euros Ben MC Wait, so it's mitten gone Yeah I'm gonna miss that brave young man So did someone give you 50 lamb sandwiches?
k1lsPwMGRhM,20201224,13658,What? You said someone give you 50 euros Yeah, it's somewhere I don't under 50 euros They have to ziki on them I don't know anti-papandera and her santan mr. Mouton is so fake That's why Dan's sorry for orbiter of the year. Okay. Wait. Hold on. There are like three really big donations one second
k1lsPwMGRhM,20201224,13680,Some guy donated 50 pounds and then that same guy later donated 200 pounds And then another guy donated 99 99 Saying weeps in weeps in weeps in weeps out. Thank you guys Are they gonna be IRL Disneyland streams? We'll see can I pipe water in through a valve am I able to do that?
k1lsPwMGRhM,20201224,13698,If you have enough pressure, yes doesn't look like it Yeah You have to use mechanism okay these pipes are shit then fuck these pipes basic mechanical pipe Okay Are you gonna be on scuppt? Um, probably not. I love them, but I don't think I want to do the
k1lsPwMGRhM,20201224,13757,Like six hour vlogs tonight Oh fuck that works Oh, it's just working well, that's easy Okay Christ backing up induction cell lithium What do we do Brine how does brine make liquid lithium? You need another tower to turn oh my god, you see okay wait so then this was stupid wait
k1lsPwMGRhM,20201224,13822,does making this taller make it actually go faster or does it just um um let it hold more It needs a resistive heater to go faster Production is 1.04 megabuckets per tick Let's see what happens we break it
k1lsPwMGRhM,20201224,13865,All right how fast does it go? 0.28 megabuckets per tick Miller buckets I think not megabuckets sorry Okay so being taller does make it go faster Okay we need one more thing Hey dusty I'm currently somebody who participate in make a wish my only wish
k1lsPwMGRhM,20201224,13896,for you to log off this dog shit game wow intro well Damn your mortality shit information and if you're dead with the next 12 hours I'll log off just for you otherwise gift fuck God damn it I'm out of steel oh no steel ingots
k1lsPwMGRhM,20201224,13920,Do I have coke dust please tell me I'm coke dust oh I got so much coke dust okay Give a big snorter that shit what do you mean by that coke coke okay coke okay okay okay okay okay okay okay okay okay okay okay okay okay okay okay
k1lsPwMGRhM,20201224,13956,okay I'm gonna kill myself if I make another bad joke I'm gonna go you video game shit you guys have a good night merry Christmas no talk to you soon How do you feel about the sanctions on trying to be just proposed um I don't know don't
k1lsPwMGRhM,20201224,13974,care fuck Trump wait till lose see what happens are you here Dan yeah you want to go play some cyberpunk so we're saying fuck off I think we've talked about this before um potentially a scary thought do you ever wonder what if what if we've actually figured out like basically
k1lsPwMGRhM,20201224,14000,everything in terms of like physics what if we've actually all basically solved things and this is it but there's so much we don't know like what um like dark matter yeah what if there's like a lot of dark matter and that's just like what's
k1lsPwMGRhM,20201224,14017,contributing to like the expansion of the universe but there's not like really anything we can like do with that information we're gonna use it to do any cool shit or anything I don't know you know it's scary your thought just to remind the least popular hall olive
k1lsPwMGRhM,20201224,14048,tuba gets twice as many views as you do merry christmas dgg smiley face bonus meme pep a steer okay um sorry there's a pedophile don't I mean what were you saying I was gonna say you know what the scarier thought what's the scarier thought what about if trump actually is the messiah trying
k1lsPwMGRhM,20201224,14067,to drain the swamp and a bunch of evil democrats are actually rigging the vote against it I thought about that you know I think about that pretty often like is it possible that I'm the one who's confused in the last yep
k1lsPwMGRhM,20201224,14082,yeah destiny this is the best music piece of content to come out of your um hey let me just tell you okay oh true wait I thought my one video would get 200k views did it hold on the one lady
k1lsPwMGRhM,20201224,14117,what's that 181 yeah yeah I feel like the next real shit fuck physics okay who said fuck who famously said physics is solved is that around Einstein there was a there's a physicist that was like yeah physics is done we're basically figured it all out I think it was
k1lsPwMGRhM,20201224,14142,before it relativity no no I think it was after relativity but before qm somebody was like physics is done I think physics is done all of our new fucking all of our new research needs to be into a biology and shit well physics students are going to tip their head and say oh that's just
k1lsPwMGRhM,20201224,14160,applied physics well that's fine but then let's apply physics and do biology for the past four years on this channel I have a must profound moment in gaming history oh boy made videos on various topics is that kernel oh wait we can't spoil because we're actually gonna
k1lsPwMGRhM,20201224,14197,play this camera gray you gonna fuck is it metal gear solid one or two as well in terms of which one is more profound no the the charity goal I'm a 20 on two and probably three hopefully but definitely oh stop adding
k1lsPwMGRhM,20201224,14231,more it's gonna make it less likely to have to is so fucking relevant right now it's unbelievably relevant it is it's actually a big video right just be crazy enough that like he accidentally got it right but when he got it right holy shit oh my god people are gonna be watching
k1lsPwMGRhM,20201224,14249,how do they sell to anything like what the fuck impossible do you play wasteland 3 on supreme drug wasteland 3 was actually a really fun game but that game I know that I say like I do stuff I want to do and I don't do it for the viewers right but there
k1lsPwMGRhM,20201224,14266,are some games that will like the hit is too much and that game was one of them okay but wasteland is really fun um I thought that was a really game if anybody wants to play like a Final Fantasy
k1lsPwMGRhM,20201224,14277,tactics esque gamer whatever I recommend always and I thought it was a game Lord Kelvin was the one who said physics was time guy okay Hades won a ton of game of the year awards this year and gamer was a little bit how many readers
k1lsPwMGRhM,20201224,14295,tries towards loss was to his one loss was to is supposed to be good um Hades was just unimaginably polished and in an era where every game is like fucking alpha pre-alpha like fucked and everything like I can appreciate that
k1lsPwMGRhM,20201224,14314,the voice acting for Hades was really really good too I want to know what fucking like human sacrifice super giant had to make everything they put out has been fucking 10 out of 10 and I don't understand what other games have they done uh they did bastion not ever many I know yeah okay yeah
k1lsPwMGRhM,20201224,14335,yeah it's insane did one message was no pyre was still good even the fucking sports game that destiny after checking out how stupid these two are Trump demands to the convo couch oh boy it's 2020 and we expect a lot of shit but I don't know
k1lsPwMGRhM,20201224,14372,if we expected Trump to out left the left or out or oh my god oh these people unironically carrying republican propaganda lines hurts me so much it hurts so much I thought it was bad and people fell for the Tucker Carlson ship another falling for Trump shit
k1lsPwMGRhM,20201224,14397,only 668 views I looked like they it was just posted it's like a 30 thousand sub-channel yeah yeah 34 thousand sub-channel yeah crazy that it's the lefty setting with a fashies now huh huh weirdo that works though the crazy thing to me is how long people rightfully made fun of
k1lsPwMGRhM,20201224,14425,conservatives for saying that anything the government does is socialism like the classic name of socialism is when the government does things but now Trump handing out bigger checks is now apparently an actual fucking leftist movement I don't understand how you can reconcile those
k1lsPwMGRhM,20201224,14457,the horseshoe is materializing every day guys what am I doing oh we're making one of these dumbass blocks no I didn't mean to make 64 whatever what's your pickaxe made out of dude a whole bunch of shit okay
k1lsPwMGRhM,20201224,14484,I'm too advanced in this mod pack for you to be asking me questions about tinkers all right
